,composition,type,cell,positions,numbers,energy (eV/atom),formation energy (eV/atom),hull distance (eV/atom)
654,Sc2FeSi,inverse,"[[3.12677314, 3.12677314, 0.0], [-3.12677314, 3.12677314, -0.0], [-0.0, -0.0, 6.25447539]]","[[0.5, 0.0, 0.25], [0.0, 0.5, 0.7500000000000002], [0.0, 0.0, 0.5], [0.5, 0.5, 0.0], [0.5, 0.0, 0.7500000000000002], [0.0, 0.5, 0.25], [0.0, 0.0, 0.0], [0.5, 0.5, 0.5]]","[21, 21, 21, 21, 26, 26, 14, 14]",-6.83185523875,-0.2835407987500007,0.3242950464285713
4474,Ti2AgTl,full,"[[2.99353062, 2.99353062, -0.0], [-2.99353062, 2.99353062, -0.0], [-0.0, -0.0, 8.36980264]]","[[0.5, 0.0, 0.25], [0.0, 0.5, 0.75], [0.5, 0.0, 0.75], [0.0, 0.5, 0.25], [0.0, 0.0, 0.5], [0.5, 0.5, 0.0], [0.0, 0.0, 0.0], [0.5, 0.5, 0.5]]","[22, 22, 22, 22, 47, 47, 81, 81]",-5.0607498975,0.0730230506250002,0.1513011443931309
4648,TiHfTl,half,"[[2.9350788, 2.9350788, -0.0], [-2.9350788, 2.9350788, -0.0], [-0.0, -0.0, 8.6036456]]","[[0.5, 0.0, 0.25], [0.0, 0.5, 0.75], [0.0, 0.0, 0.5], [0.5, 0.5, 0.0], [0.0, 0.0, 0.0], [0.5, 0.5, 0.5]]","[22, 22, 72, 72, 81, 81]",-5.994898756666667,0.6523825158333333,0.6839595420954216
5213,V2ScGe,full,"[[2.68908899, 2.68908899, 0.0], [-2.68908899, 2.68908899, -0.0], [0.0, 0.0, 8.76325533]]","[[0.4999999999999999, 4.128621361188781e-17, 0.25], [0.9999999999999998, 0.4999999999999998, 0.75], [0.4999999999999999, 4.128621361188781e-17, 0.75], [0.9999999999999998, 0.4999999999999998, 0.25], [0.0, 0.0, 0.5], [0.4999999999999999, 0.4999999999999999, 0.0], [0.0, 0.0, 0.0], [0.4999999999999999, 0.4999999999999999, 0.5]]","[23, 23, 23, 23, 21, 21, 32, 32]",-7.2647446775,-0.0933957600000008,0.3797703332499994
6267,V2CuGa,inverse,"[[2.6050695, 2.6050695, -0.0], [-2.6050695, 2.6050695, -0.0], [-0.0, -0.0, 7.95543536]]","[[0.5, 0.0, 0.25], [0.0, 0.5, 0.7500000000000002], [0.0, 0.0, 0.5], [0.5, 0.5, 0.0], [0.5, 0.0, 0.7500000000000002], [0.0, 0.5, 0.25], [0.0, 0.0, 0.0], [0.5, 0.5, 0.5]]","[23, 23, 23, 23, 29, 29, 31, 31]",-6.1491198425,-0.0053891474999998,0.1471673795833337
6594,V2YIn,full,"[[2.97192114, 2.97192114, 0.0], [-2.97192114, 2.97192114, -0.0], [0.0, 0.0, 8.87927478]]","[[0.5, 0.0, 0.25], [0.0, 0.5, 0.75], [0.5, 0.0, 0.75], [0.0, 0.5, 0.25], [0.0, 0.0, 0.5], [0.5, 0.5, 0.0], [0.0, 0.0, 0.0], [0.5, 0.5, 0.5]]","[23, 23, 23, 23, 39, 39, 49, 49]",-6.3435148075,0.3830423275000001,0.6355909375000002
6608,VYSb,half,"[[0.0, 3.37957327, 3.37957327], [3.37957327, 0.0, 3.37957327], [3.37957327, 3.37957327, -0.0]]","[[0.25, 0.25, 0.25], [0.5, 0.5, 0.5], [0.0, 0.0, 0.0]]","[23, 39, 51]",-6.62989191,-0.1203988450000004,0.658361515
7891,V2PtBi,full,"[[2.81512646, 2.81512646, 0.0], [-2.81512646, 2.81512646, 0.0], [0.0, 0.0, 8.42379091]]","[[0.5, 0.0, 0.25], [0.0, 0.5, 0.7499999999999998], [0.5, 0.0, 0.7499999999999998], [0.0, 0.5, 0.25], [0.0, 0.0, 0.5], [0.5, 0.5, 0.0], [0.0, 0.0, 0.0], [0.5, 0.5, 0.5]]","[23, 23, 23, 23, 78, 78, 83, 83]",-6.89896168875,0.0769535025000003,0.4276521618749996
8391,Cr3Ge,full,"[[2.93353334, 2.93353334, 0.0], [-2.93353334, 2.93353334, 0.0], [-0.0, -0.0, 5.85432977]]","[[0.5, 0.0, 0.25], [0.0, 0.5, 0.75], [0.5, 0.0, 0.75], [0.0, 0.5, 0.25], [0.0, 0.0, 0.5], [0.5, 0.5, 0.0], [0.0, 0.0, 0.0], [0.5, 0.5, 0.5]]","[24, 24, 24, 24, 24, 24, 32, 32]",-8.23388921625,0.0346944662499986,0.1666521937499986
8734,Cr2FeBi,inverse,"[[2.81931874, 2.81931874, -0.0], [-2.81931874, 2.81931874, -0.0], [-0.0, -0.0, 7.89067659]]","[[0.4999999999999999, 3.9379124072546565e-17, 0.25], [0.9999999999999999, 0.49999999999999983, 0.75], [0.0, 0.0, 0.5], [0.4999999999999999, 0.4999999999999999, 0.0], [0.4999999999999999, 3.9379124072546565e-17, 0.75], [0.9999999999999999, 0.49999999999999983, 0.25], [0.0, 0.0, 0.0], [0.4999999999999999, 0.4999999999999999, 0.5]]","[24, 24, 24, 24, 26, 26, 83, 83]",-7.27462545625,0.5222660799999996,0.5222660799999996
9251,Cr2ZnGe,inverse,"[[2.69998514, 2.69998514, -0.0], [-2.69998514, 2.69998514, -0.0], [0.0, 0.0, 7.6071786]]","[[0.4999999999999999, 4.111959759249477e-17, 0.24999999999999997], [0.9999999999999998, 0.4999999999999998, 0.7499999999999998], [0.0, 0.0, 0.49999999999999983], [0.4999999999999999, 0.4999999999999999, 0.0], [0.4999999999999999, 4.111959759249477e-17, 0.7499999999999998], [0.9999999999999998, 0.4999999999999998, 0.24999999999999997], [0.0, 0.0, 0.0], [0.4999999999999999, 0.4999999999999999, 0.49999999999999983]]","[24, 24, 24, 24, 30, 30, 32, 32]",-6.00022468125,0.1647408699999992,0.2527126883333325
9651,Cr2RuGe,full,"[[2.49365065, 2.49365065, 0.0], [-2.49365065, 2.49365065, -0.0], [0.0, 0.0, 8.27712468]]","[[0.5, 0.0, 0.25], [0.0, 0.5, 0.75], [0.5, 0.0, 0.75], [0.0, 0.5, 0.25], [0.0, 0.0, 0.5], [0.5, 0.5, 0.0], [0.0, 0.0, 0.0], [0.5, 0.5, 0.5]]","[24, 24, 24, 24, 44, 44, 32, 32]",-8.15718212125,0.0396527299999984,0.2139715381249984
9893,Cr2PdAs,full,"[[3.17737277, 3.17737277, -0.0], [-3.17737277, 3.17737277, -0.0], [-0.0, -0.0, 6.13216321]]","[[0.5, 0.0, 0.25], [0.0, 0.5, 0.75], [0.5, 0.0, 0.75], [0.0, 0.5, 0.25], [0.0, 0.0, 0.5], [0.5, 0.5, 0.0], [0.0, 0.0, 0.0], [0.5, 0.5, 0.5]]","[24, 24, 24, 24, 46, 46, 33, 33]",-7.09323779625,0.1382031699999997,0.3321856974999994
10527,CrIrIn,half,"[[-0.0, 2.97798331, 2.97798331], [2.97798331, -0.0, 2.97798331], [2.97798331, 2.97798331, -0.0]]","[[0.25, 0.25, 0.2499999999999999], [0.5, 0.5, 0.4999999999999998], [0.0, 0.0, 0.0]]","[24, 77, 49]",-6.5645404733333335,0.4131940766666666,0.5944711366666675
15107,FeNbGa,half,"[[2.91605709, 2.91605709, 0.0], [-2.91605709, 2.91605709, -0.0], [0.0, 0.0, 5.83922475]]","[[0.5, 0.0, 0.24999999999999997], [0.0, 0.5, 0.7499999999999998], [0.0, 0.0, 0.4999999999999999], [0.5, 0.5, 0.0], [0.0, 0.0, 0.0], [0.5, 0.5, 0.4999999999999999]]","[26, 26, 41, 41, 31, 31]",-7.055157446666667,0.033283979999999,0.3258103428160919
15272,Fe2RuAs,full,"[[2.56544887, 2.56544887, -0.0], [-2.56544887, 2.56544887, 0.0], [-0.0, -0.0, 8.09270415]]","[[0.5, 0.0, 0.25], [0.0, 0.5, 0.75], [0.5, 0.0, 0.75], [0.0, 0.5, 0.25], [0.0, 0.0, 0.5], [0.5, 0.5, 0.0], [0.0, 0.0, 0.0], [0.5, 0.5, 0.5]]","[26, 26, 26, 26, 44, 44, 33, 33]",-7.46349156375,0.1478355562500004,0.2961612093750005
15419,Fe2RhBi,full,"[[2.74045428, 2.74045428, 0.0], [-2.74045428, 2.74045428, -0.0], [-0.0, -0.0, 8.50995618]]","[[0.5, 0.0, 0.25], [0.0, 0.5, 0.75], [0.5, 0.0, 0.75], [0.0, 0.5, 0.25], [0.0, 0.0, 0.5], [0.5, 0.5, 0.0], [0.0, 0.0, 0.0], [0.5, 0.5, 0.5]]","[26, 26, 26, 26, 45, 45, 83, 83]",-6.63185522375,0.2875613650000002,0.3840486968750006
15452,FePdSi,half,"[[-0.0, 2.7942945, 2.7942945], [2.7942945, 0.0, 2.7942945], [2.7942945, 2.7942945, -0.0]]","[[0.25, 0.25, 0.25], [0.5, 0.5, 0.5], [0.0, 0.0, 0.0]]","[26, 46, 14]",-6.23159343,0.0712783400000004,0.6118341580555563
16651,CoVIn,half,"[[0.0, 2.92901993, 2.92901993], [2.92901993, 0.0, 2.92901993], [2.92901993, 2.92901993, -0.0]]","[[0.25, 0.25, 0.25], [0.5, 0.5, 0.5], [0.0, 0.0, 0.0]]","[27, 23, 49]",-5.92781356,0.2574164750000006,0.3880574299999999
17602,CoYGe,half,"[[3.07295526, 3.07295526, 0.0], [-3.07295526, 3.07295526, 0.0], [0.0, 0.0, 6.13955558]]","[[0.5, 0.0, 0.25], [0.0, 0.5, 0.75], [0.0, 0.0, 0.5], [0.5, 0.5, 0.0], [0.0, 0.0, 0.0], [0.5, 0.5, 0.5]]","[27, 27, 39, 39, 32, 32]",-6.336386914999999,-0.3427418066666672,0.325749870833332
17884,CoMoBi,half,"[[3.02730241, 3.02730241, -0.0], [-3.02730241, 3.02730241, -0.0], [-0.0, -0.0, 6.05430808]]","[[0.5, 0.0, 0.24999999999999997], [0.0, 0.5, 0.75], [0.0, 0.0, 0.49999999999999983], [0.5, 0.5, 0.0], [0.0, 0.0, 0.0], [0.5, 0.5, 0.49999999999999983]]","[27, 27, 42, 42, 83, 83]",-6.735887951666666,0.5433728150000002,0.5710330950000002
19913,NiZnSn,half,"[[2.97868417, 2.97868417, 0.0], [-2.97868417, 2.97868417, -0.0], [-0.0, 0.0, 5.93018575]]","[[0.5, 0.0, 0.25], [0.0, 0.5, 0.75], [0.0, 0.0, 0.5], [0.5, 0.5, 0.0], [0.0, 0.0, 0.0], [0.5, 0.5, 0.5]]","[28, 28, 30, 30, 50, 50]",-3.66159132,-0.1849037466666665,0.0539100300110068
20138,Ni2MoSn,full,"[[2.9023715, 2.9023715, 0.0], [-2.9023715, 2.9023715, -0.0], [-0.0, -0.0, 6.84588218]]","[[0.5, 0.0, 0.25], [0.0, 0.5, 0.75], [0.5, 0.0, 0.75], [0.0, 0.5, 0.25], [0.0, 0.0, 0.5], [0.5, 0.5, 0.0], [0.0, 0.0, 0.0], [0.5, 0.5, 0.5]]","[28, 28, 28, 28, 42, 42, 50, 50]",-6.3444751975,0.0873510912499995,0.2997853845253002
23201,CuOsSi,half,"[[2.40401898, 2.40401898, -0.0], [-2.40401898, 2.40401898, 0.0], [0.0, 0.0, 8.04314526]]","[[0.5, 0.0, 0.25], [0.0, 0.5, 0.75], [0.0, 0.0, 0.5], [0.5, 0.5, 0.0], [0.0, 0.0, 0.0], [0.5, 0.5, 0.5]]","[29, 29, 76, 76, 14, 14]",-6.326194913333333,0.4742312183333332,0.7252020640277776
23521,Zn2ScGa,full,"[[2.92141164, 2.92141164, 0.0], [-2.92141164, 2.92141164, 0.0], [-0.0, -0.0, 8.0957855]]","[[0.5, 0.0, 0.25], [0.0, 0.5, 0.75], [0.5, 0.0, 0.75], [0.0, 0.5, 0.25], [0.0, 0.0, 0.5], [0.5, 0.5, 0.0], [0.0, 0.0, 0.0], [0.5, 0.5, 0.5]]","[30, 30, 30, 30, 21, 21, 31, 31]",-3.125133375,-0.28389788,0.119154692
23746,ZnTiBi,half,"[[2.96837387, 2.96837387, 0.0], [-2.96837387, 2.96837387, 0.0], [0.0, -0.0, 8.13816519]]","[[0.5, 0.0, 0.25], [0.0, 0.5, 0.75], [0.0, 0.0, 0.5], [0.5, 0.5, 0.0], [0.0, 0.0, 0.0], [0.5, 0.5, 0.5]]","[30, 30, 22, 22, 83, 83]",-3.913236433333333,0.3486960483333335,0.5532158358652624
23842,Zn2VTl,full,"[[2.80787428, 2.80787428, -0.0], [-2.80787428, 2.80787428, 0.0], [0.0, 0.0, 9.01162948]]","[[0.5, 0.0, 0.25], [0.0, 0.5, 0.75], [0.5, 0.0, 0.75], [0.0, 0.5, 0.25], [0.0, 0.0, 0.5], [0.5, 0.5, 0.0], [0.0, 0.0, 0.0], [0.5, 0.5, 0.5]]","[30, 30, 30, 30, 23, 23, 81, 81]",-3.01611016875,0.329921271875,0.3624771729464284
25781,Zn2IrGe,full,"[[2.67718088, 2.67718088, 0.0], [-2.67718088, 2.67718088, -0.0], [0.0, 0.0, 8.16925181]]","[[0.5, 0.0, 0.25], [0.0, 0.5, 0.75], [0.5, 0.0, 0.75], [0.0, 0.5, 0.25], [0.0, 0.0, 0.5], [0.5, 0.5, 0.0], [0.0, 0.0, 0.0], [0.5, 0.5, 0.5]]","[30, 30, 30, 30, 77, 77, 32, 32]",-3.9779691225,-0.0827596375000001,0.1586925232517481
25794,ZnIrAs,half,"[[2.52492456, 2.52492456, 0.0], [-2.52492456, 2.52492456, 0.0], [0.0, 0.0, 8.2952002]]","[[0.5, 0.0, 0.25], [0.0, 0.5, 0.75], [0.0, 0.0, 0.5], [0.5, 0.5, 0.0], [0.0, 0.0, 0.0], [0.5, 0.5, 0.5]]","[30, 30, 77, 77, 33, 33]",-4.7118635483333335,0.1657636883333329,0.5226908616666665
26225,YVGa,half,"[[2.55342772, 2.55342772, -0.0], [-2.55342772, 2.55342772, 0.0], [0.0, 0.0, 10.09049698]]","[[0.5, 0.0, 0.25], [0.0, 0.5, 0.75], [0.0, 0.0, 0.5], [0.5, 0.5, 0.0], [0.0, 0.0, 0.0], [0.5, 0.5, 0.5]]","[39, 39, 23, 23, 31, 31]",-5.9749108416666665,0.1229062550000001,0.5674540916666664
27049,Y2NbIn,full,"[[3.2377695, 3.2377695, -0.0], [-3.2377695, 3.2377695, 0.0], [0.0, 0.0, 9.40732835]]","[[0.5, 3.4289748687334185e-17, 0.25], [0.0, 0.5, 0.75], [0.5, 3.4289748687334185e-17, 0.75], [0.0, 0.5, 0.25], [0.0, 0.0, 0.5], [0.49999999999999983, 0.5, 0.0], [0.0, 0.0, 0.0], [0.49999999999999983, 0.5, 0.5]]","[39, 39, 39, 39, 41, 41, 49, 49]",-6.36546648125,0.0104451262499996,0.3105870424999994
27300,Y2PdGe,full,"[[-0.0, 3.54885311, 3.54885311], [3.54885311, -0.0, 3.54885311], [3.54885311, 3.54885311, 0.0]]","[[0.25, 0.25, 0.24999999999999997], [0.7500000000000002, 0.7500000000000002, 0.7499999999999998], [0.5000000000000001, 0.5000000000000001, 0.4999999999999998], [0.0, 0.0, 0.0]]","[39, 39, 46, 32]",-6.4728414875,-0.8264232549999999,0.0932568558854165
28028,YAuAs,half,"[[3.71679624, 3.71679624, -0.0], [-3.71679624, 3.71679624, -0.0], [-0.0, 0.0, 5.51433679]]","[[0.5, 0.0, 0.24999999999999997], [0.0, 0.5, 0.7499999999999999], [0.0, 0.0, 0.4999999999999999], [0.5, 0.5, 0.0], [0.0, 0.0, 0.0], [0.5, 0.5, 0.4999999999999999]]","[39, 39, 79, 79, 33, 33]",-5.553256186666666,-0.7800873983333331,0.2571531183333343
29730,ZrTaPb,half,"[[2.88779385, 2.88779385, 0.0], [-2.88779385, 2.88779385, -0.0], [-0.0, -0.0, 9.14908449]]","[[0.5, 0.0, 0.25], [0.0, 0.5, 0.75], [0.0, 0.0, 0.5], [0.5, 0.5, 0.0], [0.0, 0.0, 0.0], [0.5, 0.5, 0.5]]","[40, 40, 73, 73, 82, 82]",-7.249926066666667,0.7180946666666669,0.8769560156666674
31610,Nb2CdSb,full,"[[3.00227906, 3.00227906, 0.0], [-3.00227906, 3.00227906, 0.0], [-0.0, -0.0, 8.78481956]]","[[0.49999999999999983, 3.697934144153663e-17, 0.25], [0.9999999999999999, 0.49999999999999983, 0.7499999999999999], [0.49999999999999983, 3.697934144153663e-17, 0.7499999999999999], [0.9999999999999999, 0.49999999999999983, 0.25], [0.0, 0.0, 0.5], [0.49999999999999983, 0.49999999999999983, 0.0], [0.0, 0.0, 0.0], [0.49999999999999983, 0.49999999999999983, 0.5]]","[41, 41, 41, 41, 48, 48, 51, 51]",-6.07487811125,0.1927088562499994,0.4162166357142856
32290,MoTiSi,half,"[[2.57975268, 2.57975268, 0.0], [-2.57975268, 2.57975268, 0.0], [-0.0, -0.0, 7.81749265]]","[[0.5, 0.0, 0.25], [0.0, 0.5, 0.7500000000000001], [0.0, 0.0, 0.5], [0.5, 0.5, 0.0], [0.0, 0.0, 0.0], [0.5, 0.5, 0.5]]","[42, 42, 22, 22, 14, 14]",-7.882012246666666,0.1674389716666671,0.8072121879287557
32955,Mo2CuSb,full,"[[2.7339315, 2.7339315, -0.0], [-2.7339315, 2.7339315, -0.0], [-0.0, -0.0, 8.63430912]]","[[0.5, 0.0, 0.25], [0.0, 0.5, 0.7500000000000001], [0.5, 0.0, 0.7500000000000001], [0.0, 0.5, 0.25], [0.0, 0.0, 0.5], [0.5, 0.5, 0.0], [0.0, 0.0, 0.0], [0.5, 0.5, 0.5]]","[42, 42, 42, 42, 29, 29, 51, 51]",-7.05612750625,0.377392565,0.3845708167857142
33335,Mo2RuAl,full,"[[2.59733454, 2.59733454, -0.0], [-2.59733454, 2.59733454, -0.0], [-0.0, -0.0, 8.82218211]]","[[0.5, 0.0, 0.24999999999999997], [0.0, 0.5, 0.75], [0.5, 0.0, 0.75], [0.0, 0.5, 0.24999999999999997], [0.0, 0.0, 0.4999999999999999], [0.5, 0.5, 0.0], [0.0, 0.0, 0.0], [0.5, 0.5, 0.4999999999999999]]","[42, 42, 42, 42, 44, 44, 13, 13]",-8.86211673,-0.1585519162499995,0.1728295137500004
34221,Ru2ScAl,full,"[[0.0, 3.11022593, 3.11022593], [3.11022593, -0.0, 3.11022593], [3.11022593, 3.11022593, -0.0]]","[[0.25, 0.25, 0.25], [0.75, 0.75, 0.75], [0.5, 0.5, 0.5], [0.0, 0.0, 0.0]]","[44, 44, 21, 13]",-7.65409471,-0.5410357225000002,0.0573258562499998
34360,Ru2VSn,inverse,"[[2.67960816, 2.67960816, 0.0], [-2.67960816, 2.67960816, -0.0], [0.0, -0.0, 8.50923249]]","[[0.5, 0.0, 0.25], [0.0, 0.5, 0.7499999999999998], [0.0, 0.0, 0.5], [0.5, 0.5, 0.0], [0.5, 0.0, 0.7499999999999998], [0.0, 0.5, 0.25], [0.0, 0.0, 0.0], [0.5, 0.5, 0.5]]","[44, 44, 44, 44, 23, 23, 50, 50]",-7.83349544,-0.0162062087499998,0.2065861509985148
34521,RuMnSb,half,"[[3.03962289, 3.03962289, 0.0], [-3.03962289, 3.03962289, 0.0], [0.0, 0.0, 6.1045807]]","[[0.5, 0.0, 0.25], [0.0, 0.5, 0.75], [0.0, 0.0, 0.5], [0.5, 0.5, 0.0], [0.0, 0.0, 0.0], [0.5, 0.5, 0.5]]","[44, 44, 25, 25, 51, 51]",-7.408792183333333,0.0010720633333332,0.1423979995881224
37279,RhCdPb,half,"[[3.25014766, 3.25014766, -0.0], [-3.25014766, 3.25014766, -0.0], [0.0, 0.0, 6.47951169]]","[[0.49999999999999983, 2.7755575615628904e-17, 0.25], [0.9999999999999998, 0.49999999999999983, 0.7500000000000002], [0.0, 0.0, 0.5], [0.4999999999999998, 0.49999999999999983, 0.0], [0.0, 0.0, 0.0], [0.4999999999999998, 0.49999999999999983, 0.5]]","[45, 45, 48, 48, 82, 82]",-3.8652918333333335,-0.0014314750000004,0.1231518406153847
38163,PdMnAs,half,"[[2.99352684, 2.99352684, 0.0], [-2.99352684, 2.99352684, 0.0], [-0.0, -0.0, 5.988847]]","[[0.5, 0.0, 0.25], [0.0, 0.5, 0.75], [0.0, 0.0, 0.5], [0.5, 0.5, 0.0], [0.0, 0.0, 0.0], [0.5, 0.5, 0.5]]","[46, 46, 25, 25, 33, 33]",-6.489113691666667,-0.2412742666666668,0.0741209429310334
38511,PdCuBi,half,"[[-0.0, 3.15088448, 3.15088448], [3.15088448, 0.0, 3.15088448], [3.15088448, 3.15088448, -0.0]]","[[0.25, 0.25, 0.25], [0.5, 0.5, 0.5], [0.0, 0.0, 0.0]]","[46, 29, 83]",-4.312658553333333,-0.0317888349999992,0.1851424966666671
39724,PdAuTl,half,"[[3.25653323, 3.25653323, 0.0], [-3.25653323, 3.25653323, 0.0], [-0.0, 0.0, 6.34209843]]","[[0.5, 0.0, 0.25], [0.0, 0.5, 0.75], [0.0, 0.0, 0.5], [0.5, 0.5, 0.0], [0.0, 0.0, 0.0], [0.5, 0.5, 0.5]]","[46, 46, 79, 79, 81, 81]",-3.569295538333334,-0.0201699108333327,0.1327761341666667
39738,Ag2ScSi,full,"[[2.85642646, 2.85642646, -0.0], [-2.85642646, 2.85642646, -0.0], [0.0, 0.0, 8.85259201]]","[[0.5, 0.0, 0.25], [0.0, 0.5, 0.7499999999999998], [0.5, 0.0, 0.7499999999999998], [0.0, 0.5, 0.25], [0.0, 0.0, 0.5], [0.5, 0.5, 0.0], [0.0, 0.0, 0.0], [0.5, 0.5, 0.5]]","[47, 47, 47, 47, 21, 21, 14, 14]",-4.47453070625,-0.1976219837500004,0.2212993625000001
41122,Ag2RhTl,full,"[[2.83988476, 2.83988476, -0.0], [-2.83988476, 2.83988476, -0.0], [0.0, 0.0, 9.02433228]]","[[0.5, 0.0, 0.25], [0.0, 0.5, 0.75], [0.5, 0.0, 0.75], [0.0, 0.5, 0.25], [0.0, 0.0, 0.5], [0.5, 0.5, 0.0], [0.0, 0.0, 0.0], [0.5, 0.5, 0.5]]","[47, 47, 47, 47, 45, 45, 81, 81]",-3.55454220875,0.1722426918749997,0.1722426918749997
41338,AgHfGe,half,"[[2.72747242, 2.72747242, 0.0], [-2.72747242, 2.72747242, -0.0], [0.0, 0.0, 8.70290442]]","[[0.4999999999999999, 2.7755575615628907e-17, 0.25], [0.9999999999999998, 0.49999999999999983, 0.75], [0.0, 0.0, 0.5], [0.4999999999999999, 0.4999999999999999, 0.0], [0.0, 0.0, 0.0], [0.4999999999999999, 0.4999999999999999, 0.5]]","[47, 47, 72, 72, 32, 32]",-5.684116828333334,0.0354321116666665,0.4681197479334679
41593,AgReSi,half,"[[2.3854901, 2.3854901, -0.0], [-2.3854901, 2.3854901, 0.0], [0.0, 0.0, 9.41117371]]","[[0.4999999999999999, 2.7755575615628907e-17, 0.25], [0.9999999999999999, 0.4999999999999999, 0.75], [0.0, 0.0, 0.5], [0.4999999999999999, 0.4999999999999999, 0.0], [0.0, 0.0, 0.0], [0.4999999999999999, 0.4999999999999999, 0.5]]","[47, 47, 75, 75, 14, 14]",-6.236690371666668,0.6091045566666663,0.827015237083333
41804,AgIrAl,half,"[[2.46227794, 2.46227794, 0.0], [-2.46227794, 2.46227794, 0.0], [-0.0, 0.0, 9.05313122]]","[[0.5, 0.0, 0.25], [0.0, 0.5, 0.75], [0.0, 0.0, 0.5], [0.5, 0.5, 0.0], [0.0, 0.0, 0.0], [0.5, 0.5, 0.5]]","[47, 47, 77, 77, 13, 13]",-5.059225095,0.0440952816666667,0.6749784516666667
42601,CdFeIn,half,"[[2.63527811, 2.63527811, 0.0], [-2.63527811, 2.63527811, 0.0], [0.0, 0.0, 9.42359282]]","[[0.5, 0.0, 0.25], [0.0, 0.5, 0.75], [0.0, 0.0, 0.5], [0.5, 0.5, 0.0], [0.0, 0.0, 0.0], [0.5, 0.5, 0.5]]","[48, 48, 26, 26, 49, 49]",-3.3804318133333333,0.4794809116666669,0.4794809116666669
43568,Cd2RuBi,full,"[[2.95156298, 2.95156298, -0.0], [-2.95156298, 2.95156298, 0.0], [-0.0, -0.0, 9.4854508]]","[[0.5, 3.7614749613953916e-17, 0.25], [0.0, 0.5, 0.75], [0.5, 3.7614749613953916e-17, 0.75], [0.0, 0.5, 0.25], [0.0, 0.0, 0.5], [0.4999999999999999, 0.5, 0.0], [0.0, 0.0, 0.0], [0.4999999999999999, 0.5, 0.5]]","[48, 48, 48, 48, 44, 44, 83, 83]",-3.2902065175,0.3629667274999995,0.3629667274999995
44301,Cd2ReBi,full,"[[2.94034875, 2.94034875, 0.0], [-2.94034875, 2.94034875, 0.0], [0.0, 0.0, 9.67584395]]","[[0.5, 0.0, 0.25], [0.0, 0.5, 0.75], [0.5, 0.0, 0.75], [0.0, 0.5, 0.25], [0.0, 0.0, 0.5], [0.5, 0.5, 0.0], [0.0, 0.0, 0.0], [0.5, 0.5, 0.5]]","[48, 48, 48, 48, 75, 75, 83, 83]",-3.66547447625,0.7785817262499997,0.7785817262499997
48102,Ta2CdSi,full,"[[2.8641342, 2.8641342, -0.0], [-2.8641342, 2.8641342, -0.0], [-0.0, -0.0, 8.4897616]]","[[0.5, 3.876295407614478e-17, 0.25], [0.9999999999999999, 0.4999999999999999, 0.7499999999999998], [0.5, 3.876295407614478e-17, 0.7499999999999998], [0.9999999999999999, 0.4999999999999999, 0.25], [0.9999999999999997, 0.9999999999999999, 0.5], [0.49999999999999983, 0.49999999999999994, 0.0], [0.0, 0.0, 0.0], [0.49999999999999983, 0.49999999999999994, 0.5]]","[73, 73, 73, 73, 48, 48, 14, 14]",-7.25323496875,0.1925541874999998,0.612227306250001
49708,W2NbSb,full,"[[2.76176776, 2.76176776, -0.0], [-2.76176776, 2.76176776, 0.0], [0.0, 0.0, 9.34298313]]","[[0.5, 0.0, 0.25], [0.0, 0.5, 0.75], [0.5, 0.0, 0.75], [0.0, 0.5, 0.25], [0.0, 0.0, 0.5], [0.5, 0.5, 0.0], [0.0, 0.0, 0.0], [0.5, 0.5, 0.5]]","[74, 74, 74, 74, 41, 41, 51, 51]",-9.65291020125,0.3785475149999993,0.5308649358333332
50210,W2HfIn,full,"[[2.84199311, 2.84199311, -0.0], [-2.84199311, 2.84199311, 0.0], [0.0, 0.0, 9.15595609]]","[[0.5, 0.0, 0.25], [0.0, 0.5, 0.75], [0.5, 0.0, 0.75], [0.0, 0.5, 0.25], [0.0, 0.0, 0.5], [0.5, 0.5, 0.0], [0.0, 0.0, 0.0], [0.5, 0.5, 0.5]]","[74, 74, 74, 74, 72, 72, 49, 49]",-9.2169955225,0.3779527475000002,0.5080570905000009
51189,Re2CoBi,full,"[[2.7569953, 2.7569953, 0.0], [-2.7569953, 2.7569953, 0.0], [0.0, 0.0, 8.42282579]]","[[0.5, 0.0, 0.25], [0.0, 0.5, 0.75], [0.5, 0.0, 0.75], [0.0, 0.5, 0.25], [0.0, 0.0, 0.5], [0.5, 0.5, 0.0], [0.0, 0.0, 0.0], [0.5, 0.5, 0.5]]","[75, 75, 75, 75, 27, 27, 83, 83]",-7.9676037725,0.9592636199999998,1.01478664375
54483,Ir2CoSi,full,"[[2.75515236, 2.75515236, 0.0], [-2.75515236, 2.75515236, -0.0], [0.0, 0.0, 6.83220908]]","[[0.5, 4.0296247886093555e-17, 0.25], [0.9999999999999999, 0.4999999999999999, 0.75], [0.5, 4.0296247886093555e-17, 0.75], [0.9999999999999999, 0.4999999999999999, 0.25], [0.0, 0.0, 0.5], [0.49999999999999983, 0.49999999999999994, 0.0], [0.0, 0.0, 0.0], [0.49999999999999983, 0.49999999999999994, 0.5]]","[77, 77, 77, 77, 27, 27, 14, 14]",-7.79823816875,-0.2555326350000007,0.1399219887499996
54724,Ir2ZnPb,full,"[[3.03616766, 3.03616766, -0.0], [-3.03616766, 3.03616766, -0.0], [0.0, 0.0, 7.2089729]]","[[0.5, 0.0, 0.25], [0.0, 0.5, 0.75], [0.5, 0.0, 0.75], [0.0, 0.5, 0.25], [0.0, 0.0, 0.5], [0.5, 0.5, 0.0], [0.0, 0.0, 0.0], [0.5, 0.5, 0.5]]","[77, 77, 77, 77, 30, 30, 82, 82]",-5.34290687,0.2561731062499994,0.3555854546646336
55049,IrRuTl,half,"[[3.09615764, 3.09615764, 0.0], [-3.09615764, 3.09615764, -0.0], [0.0, 0.0, 6.17881742]]","[[0.5, 0.0, 0.25], [0.0, 0.5, 0.7499999999999999], [0.0, 0.0, 0.5], [0.5, 0.5, 0.0], [0.0, 0.0, 0.0], [0.5, 0.5, 0.5]]","[77, 77, 44, 44, 81, 81]",-6.034116923333333,0.7331714191666663,0.7577323287499992
55089,Ir2RhAs,full,"[[2.83441231, 2.83441231, 0.0], [-2.83441231, 2.83441231, 0.0], [0.0, 0.0, 7.37842357]]","[[0.5, 0.0, 0.25], [0.0, 0.5, 0.7500000000000002], [0.5, 0.0, 0.7500000000000002], [0.0, 0.5, 0.25], [0.0, 0.0, 0.5], [0.5, 0.5, 0.0], [0.0, 0.0, 0.0], [0.5, 0.5, 0.5]]","[77, 77, 77, 77, 45, 45, 33, 33]",-7.20803475375,0.202329527499999,0.4710225221874988
55767,IrPtPb,half,"[[3.16140227, 3.16140227, -0.0], [-3.16140227, 3.16140227, 0.0], [-0.0, -0.0, 6.30291287]]","[[0.5, 0.0, 0.25], [0.0, 0.5, 0.75], [0.0, 0.0, 0.5], [0.5, 0.5, 0.0], [0.0, 0.0, 0.0], [0.5, 0.5, 0.5]]","[77, 77, 78, 78, 82, 82]",-5.861978491666666,0.3186564116666671,0.4790794383333333
56778,Pt2MoSb,full,"[[2.82847276, 2.82847276, -0.0], [-2.82847276, 2.82847276, 0.0], [0.0, 0.0, 8.48391646]]","[[0.5, 0.0, 0.25], [0.0, 0.5, 0.75], [0.5, 0.0, 0.75], [0.0, 0.5, 0.25], [0.0, 0.0, 0.5], [0.5, 0.5, 0.0], [0.0, 0.0, 0.0], [0.5, 0.5, 0.5]]","[78, 78, 78, 78, 42, 42, 51, 51]",-6.76282520375,0.0553865824999997,0.4555638512499994
56927,PtRhGe,half,"[[2.57966064, 2.57966064, -0.0], [-2.57966064, 2.57966064, 0.0], [0.0, 0.0, 7.7928567]]","[[0.5, 0.0, 0.25], [0.0, 0.5, 0.75], [0.0, 0.0, 0.5], [0.5, 0.5, 0.0], [0.0, 0.0, 0.0], [0.5, 0.5, 0.5]]","[78, 78, 45, 45, 32, 32]",-5.992342818333333,-0.0322158149999995,0.4418232700000004
58541,AuYPb,half,"[[3.42375234, 3.42375234, 0.0], [-3.42375234, 3.42375234, -0.0], [-0.0, -0.0, 6.84474068]]","[[0.5, 0.0, 0.25], [0.0, 0.5, 0.75], [0.0, 0.0, 0.5], [0.5, 0.5, 0.0], [0.0, 0.0, 0.0], [0.5, 0.5, 0.5]]","[79, 79, 39, 39, 82, 82]",-5.105092695,-0.6956502249999996,0.0
59170,AuCdSn,half,"[[-0.0, 3.32627087, 3.32627087], [3.32627087, -0.0, 3.32627087], [3.32627087, 3.32627087, 0.0]]","[[0.25, 0.25, 0.24999999999999997], [0.5, 0.5, 0.4999999999999998], [0.0, 0.0, 0.0]]","[79, 48, 50]",-2.80541832,-0.2007073333333332,0.0325857422837337
59236,AuHfTl,half,"[[3.26322721, 3.26322721, -0.0], [-3.26322721, 3.26322721, 0.0], [-0.0, -0.0, 6.52645631]]","[[0.5, 0.0, 0.25], [0.0, 0.5, 0.75], [0.0, 0.0, 0.5], [0.5, 0.5, 0.0], [0.0, 0.0, 0.0], [0.5, 0.5, 0.5]]","[79, 79, 72, 72, 81, 81]",-5.271768391666667,-0.1522242508333331,0.2112437975000004
63434,Lu2NbTl,full,"[[3.18169452, 3.18169452, 0.0], [-3.18169452, 3.18169452, -0.0], [-0.0, -0.0, 9.33892967]]","[[0.5, 0.0, 0.25], [0.0, 0.5, 0.7500000000000002], [0.5, 0.0, 0.7500000000000002], [0.0, 0.5, 0.25], [0.0, 0.0, 0.5], [0.5, 0.5, 0.0], [0.0, 0.0, 0.0], [0.5, 0.5, 0.5]]","[71, 71, 71, 71, 41, 41, 81, 81]",-5.200422965,0.1035642556250007,0.2836831172916673
65425,Sc2HfSb,inverse,"[[3.05191914, 3.05191914, 0.0], [-3.05191914, 3.05191914, -0.0], [0.0, 0.0, 9.59864081]]","[[0.5, 0.0, 0.25], [0.0, 0.5, 0.75], [0.0, 0.0, 0.5], [0.5, 0.5, 0.0], [0.5, 0.0, 0.75], [0.0, 0.5, 0.25], [0.0, 0.0, 0.0], [0.5, 0.5, 0.5]]","[21, 21, 21, 21, 72, 72, 51, 51]",-7.03229766125,-0.3910624725000007,0.198064033749999
65593,Sc2RePb,inverse,"[[2.99642779, 2.99642779, -0.0], [-2.99642779, 2.99642779, -0.0], [0.0, 0.0, 8.99174409]]","[[0.5, 0.0, 0.25], [0.0, 0.5, 0.7500000000000002], [0.0, 0.0, 0.5], [0.5, 0.5, 0.0], [0.5, 0.0, 0.7500000000000002], [0.0, 0.5, 0.25], [0.0, 0.0, 0.0], [0.5, 0.5, 0.5]]","[21, 21, 21, 21, 75, 75, 82, 82]",-7.0305352475,0.0886134962500007,0.5065882771875001
66673,Ti2HfP,full,"[[2.71130665, 2.71130665, -0.0], [-2.71130665, 2.71130665, -0.0], [-0.0, -0.0, 9.03925322]]","[[0.5, 0.0, 0.25], [0.0, 0.5, 0.75], [0.5, 0.0, 0.75], [0.0, 0.5, 0.25], [0.0, 0.0, 0.5], [0.5, 0.5, 0.0], [0.0, 0.0, 0.0], [0.5, 0.5, 0.5]]","[22, 22, 22, 22, 72, 72, 15, 15]",-8.14377806875,-0.4083378871428573,0.5522191944902595
69052,Cr2MoGa,inverse,"[[3.03173458, 3.03173458, -0.0], [-3.03173458, 3.03173458, 0.0], [0.0, 0.0, 6.05917336]]","[[0.5, 0.0, 0.25], [0.0, 0.5, 0.7500000000000002], [0.0, 0.0, 0.5], [0.5, 0.5, 0.0], [0.5, 0.0, 0.7500000000000002], [0.0, 0.5, 0.25], [0.0, 0.0, 0.0], [0.5, 0.5, 0.5]]","[24, 24, 24, 24, 42, 42, 31, 31]",-8.079430425,0.1371596700000008,0.2262120666666676
69501,Cr2TaGa,inverse,"[[2.62878893, 2.62878893, 0.0], [-2.62878893, 2.62878893, 0.0], [0.0, 0.0, 8.24186213]]","[[0.5, 0.0, 0.25], [0.0, 0.5, 0.7499999999999998], [0.0, 0.0, 0.5], [0.5, 0.5, 0.0], [0.5, 0.0, 0.7499999999999998], [0.0, 0.5, 0.25], [0.0, 0.0, 0.0], [0.5, 0.5, 0.5]]","[24, 24, 24, 24, 73, 73, 31, 31]",-8.3201359875,0.1169788974999992,0.2582735552403839
70658,Mn2RuAs,inverse,"[[2.66958057, 2.66958057, -0.0], [-2.66958057, 2.66958057, -0.0], [-0.0, -0.0, 7.51281197]]","[[0.5, 0.0, 0.24999999999999997], [0.0, 0.5, 0.7499999999999999], [0.0, 0.0, 0.49999999999999983], [0.5, 0.5, 0.0], [0.5, 0.0, 0.7499999999999999], [0.0, 0.5, 0.24999999999999997], [0.0, 0.0, 0.0], [0.5, 0.5, 0.49999999999999983]]","[25, 25, 25, 25, 44, 44, 33, 33]",-8.0506476425,-0.1461661074999991,0.0121849238649426
72337,Fe2AgAs,inverse,"[[2.71768403, 2.71768403, -0.0], [-2.71768403, 2.71768403, 0.0], [0.0, 0.0, 7.9275756]]","[[0.5, 0.0, 0.24999999999999997], [0.0, 0.5, 0.7499999999999998], [0.0, 0.0, 0.49999999999999983], [0.5, 0.5, 0.0], [0.5, 0.0, 0.7499999999999998], [0.0, 0.5, 0.24999999999999997], [0.0, 0.0, 0.0], [0.5, 0.5, 0.49999999999999983]]","[26, 26, 26, 26, 47, 47, 33, 33]",-5.667511265,0.3149487962500004,0.4216328456250009
73863,Co2CdBi,inverse,"[[2.7847441, 2.7847441, 0.0], [-2.7847441, 2.7847441, 0.0], [-0.0, 0.0, 8.93847971]]","[[0.5, 0.0, 0.25], [0.0, 0.5, 0.75], [0.0, 0.0, 0.5], [0.5, 0.5, 0.0], [0.5, 0.0, 0.75], [0.0, 0.5, 0.25], [0.0, 0.0, 0.0], [0.5, 0.5, 0.5]]","[27, 27, 27, 27, 48, 48, 83, 83]",-4.121359495,0.5544429449999999,0.5628884949999997
74904,Ni2RuGe,inverse,"[[2.71704553, 2.71704553, -0.0], [-2.71704553, 2.71704553, 0.0], [-0.0, -0.0, 6.72759884]]","[[0.5, 0.0, 0.25], [0.0, 0.5, 0.7500000000000002], [0.0, 0.0, 0.5], [0.5, 0.5, 0.0], [0.5, 0.0, 0.7500000000000002], [0.0, 0.5, 0.25], [0.0, 0.0, 0.0], [0.5, 0.5, 0.5]]","[28, 28, 28, 28, 44, 44, 32, 32]",-6.29104130375,-0.113683257499999,0.1355242174305562
75237,Ni2TaSn,inverse,"[[2.75998981, 2.75998981, -0.0], [-2.75998981, 2.75998981, -0.0], [-0.0, -0.0, 7.9613877]]","[[0.5, 4.022562042086513e-17, 0.25], [0.9999999999999999, 0.4999999999999999, 0.75], [0.0, 0.0, 0.5], [0.49999999999999983, 0.49999999999999994, 0.0], [0.5, 4.022562042086513e-17, 0.75], [0.9999999999999999, 0.4999999999999999, 0.25], [0.0, 0.0, 0.0], [0.49999999999999983, 0.49999999999999994, 0.5]]","[28, 28, 28, 28, 73, 73, 50, 50]",-6.63319720625,0.0191538725000004,0.3165807775461349
77267,Zn2PdP,full,"[[2.70794946, 2.70794946, 0.0], [-2.70794946, 2.70794946, 0.0], [-0.0, -0.0, 7.96675256]]","[[0.5, 0.0, 0.25], [0.0, 0.5, 0.75], [0.5, 0.0, 0.75], [0.0, 0.5, 0.25], [0.0, 0.0, 0.5], [0.5, 0.5, 0.0], [0.0, 0.0, 0.0], [0.5, 0.5, 0.5]]","[30, 30, 30, 30, 46, 46, 15, 15]",-3.3391433575,-0.1299969158928573,0.3286416929096267
78106,Y2MnGa,inverse,"[[3.0471462, 3.0471462, -0.0], [-3.0471462, 3.0471462, 0.0], [-0.0, 0.0, 9.67051961]]","[[0.5, 0.0, 0.25], [0.0, 0.5, 0.75], [0.0, 0.0, 0.5], [0.5, 0.5, 0.0], [0.5, 0.0, 0.75], [0.0, 0.5, 0.25], [0.0, 0.0, 0.0], [0.5, 0.5, 0.5]]","[39, 39, 39, 39, 25, 25, 31, 31]",-6.25749569125,-0.1031511287500004,0.2553262931249995
79022,YAgPb,half,"[[3.1330083, 3.1330083, -0.0], [-3.1330083, 3.1330083, 0.0], [-0.0, -0.0, 8.97798271]]","[[0.5, 0.0, 0.25], [0.0, 0.5, 0.75], [0.0, 0.0, 0.5], [0.5, 0.5, 0.0], [0.0, 0.0, 0.0], [0.5, 0.5, 0.5]]","[39, 39, 47, 47, 82, 82]",-4.317024246666667,-0.0748282266666671,0.3560389058333328
79179,Y2TaP,inverse,"[[2.99519593, 2.99519593, -0.0], [-2.99519593, 2.99519593, -0.0], [0.0, -0.0, 9.75760516]]","[[0.5, 0.0, 0.25], [0.0, 0.5, 0.75], [0.0, 0.0, 0.5], [0.5, 0.5, 0.0], [0.5, 0.0, 0.75], [0.0, 0.5, 0.25], [0.0, 0.0, 0.0], [0.5, 0.5, 0.5]]","[39, 39, 39, 39, 73, 73, 15, 15]",-7.53080575,-0.0127695483928569,0.8642494925971271
84010,Mo2IrP,inverse,"[[2.66666706, 2.66666706, -0.0], [-2.66666706, 2.66666706, -0.0], [-0.0, -0.0, 8.17081612]]","[[0.4999999999999999, 4.163335728252317e-17, 0.25], [0.9999999999999998, 0.4999999999999998, 0.7500000000000001], [0.0, 0.0, 0.5], [0.4999999999999999, 0.4999999999999999, 0.0], [0.4999999999999999, 4.163335728252317e-17, 0.7500000000000001], [0.9999999999999998, 0.4999999999999998, 0.25], [0.0, 0.0, 0.0], [0.4999999999999999, 0.4999999999999999, 0.5]]","[42, 42, 42, 42, 77, 77, 15, 15]",-8.97573366625,0.0521161678571431,0.6046443788471276
86081,Rh2TiIn,inverse,"[[2.69257359, 2.69257359, -0.0], [-2.69257359, 2.69257359, -0.0], [0.0, 0.0, 8.77385487]]","[[0.5, 0.0, 0.24999999999999997], [0.0, 0.5, 0.7499999999999998], [0.0, 0.0, 0.4999999999999999], [0.5, 0.5, 0.0], [0.5, 0.0, 0.7499999999999998], [0.0, 0.5, 0.24999999999999997], [0.0, 0.0, 0.0], [0.5, 0.5, 0.4999999999999999]]","[45, 45, 45, 45, 22, 22, 49, 49]",-6.76105621375,-0.5414604774999994,0.1523971105299006
88958,Ag2VSi,inverse,"[[3.19037059, 3.19037059, 0.0], [-3.19037059, 3.19037059, -0.0], [-0.0, -0.0, 6.29911887]]","[[0.5, 0.0, 0.25], [0.0, 0.5, 0.75], [0.0, 0.0, 0.5], [0.5, 0.5, 0.0], [0.5, 0.0, 0.75], [0.0, 0.5, 0.25], [0.0, 0.0, 0.0], [0.5, 0.5, 0.5]]","[47, 47, 47, 47, 23, 23, 14, 14]",-4.71096609125,0.2435447687499996,0.5089899898809517
89488,Ag2RuAs,inverse,"[[3.2008228, 3.2008228, 0.0], [-3.2008228, 3.2008228, -0.0], [0.0, -0.0, 6.40272261]]","[[0.5, 0.0, 0.25], [0.0, 0.5, 0.7500000000000001], [0.0, 0.0, 0.5], [0.5, 0.5, 0.0], [0.5, 0.0, 0.7500000000000001], [0.0, 0.5, 0.25], [0.0, 0.0, 0.0], [0.5, 0.5, 0.5]]","[47, 47, 47, 47, 44, 44, 33, 33]",-4.45631359,0.3784745149999997,0.5268001681249999
92639,Hf2AgSn,inverse,"[[2.95642024, 2.95642024, 0.0], [-2.95642024, 2.95642024, 0.0], [0.0, 0.0, 9.60452815]]","[[0.5, 0.0, 0.25], [0.0, 0.5, 0.75], [0.0, 0.0, 0.5], [0.5, 0.5, 0.0], [0.5, 0.0, 0.75], [0.0, 0.5, 0.25], [0.0, 0.0, 0.0], [0.5, 0.5, 0.5]]","[72, 72, 72, 72, 47, 47, 50, 50]",-6.7172834375,-0.1142626212499999,0.1823681277544681
92942,Hf2ReBi,inverse,"[[2.94419415, 2.94419415, -0.0], [-2.94419415, 2.94419415, 0.0], [-0.0, 0.0, 9.41761516]]","[[0.5, 0.0, 0.24999999999999997], [0.0, 0.5, 0.75], [0.0, 0.0, 0.4999999999999999], [0.5, 0.5, 0.0], [0.5, 0.0, 0.75], [0.0, 0.5, 0.24999999999999997], [0.0, 0.0, 0.0], [0.5, 0.5, 0.4999999999999999]]","[72, 72, 72, 72, 75, 75, 83, 83]",-8.84577562375,0.1855686912499994,0.4482462668124995
93046,HfIrAs,half,"[[2.73443664, 2.73443664, 0.0], [-2.73443664, 2.73443664, -0.0], [-0.0, -0.0, 7.83571456]]","[[0.5, 0.0, 0.25], [0.0, 0.5, 0.75], [0.0, 0.0, 0.5], [0.5, 0.5, 0.0], [0.0, 0.0, 0.0], [0.5, 0.5, 0.5]]","[72, 72, 77, 77, 33, 33]",-8.287575596666667,-0.4698093383333332,0.3839685665476187
93154,Hf2PtTl,inverse,"[[2.87857705, 2.87857705, -0.0], [-2.87857705, 2.87857705, 0.0], [0.0, -0.0, 9.82143899]]","[[0.5, 3.8568466479824e-17, 0.25], [0.9999999999999999, 0.4999999999999999, 0.75], [0.0, 0.0, 0.5], [0.49999999999999983, 0.49999999999999994, 0.0], [0.5, 3.8568466479824e-17, 0.75], [0.9999999999999999, 0.4999999999999999, 0.25], [0.0, 0.0, 0.0], [0.49999999999999983, 0.49999999999999994, 0.5]]","[72, 72, 72, 72, 78, 78, 81, 81]",-7.32601903625,-0.2834691631249999,0.3046514140625005
94671,Ta2PtGe,inverse,"[[2.74897838, 2.74897838, 0.0], [-2.74897838, 2.74897838, -0.0], [-0.0, -0.0, 8.8875667]]","[[0.5, 0.0, 0.25], [0.0, 0.5, 0.75], [0.0, 0.0, 0.5], [0.5, 0.5, 0.0], [0.5, 0.0, 0.75], [0.0, 0.5, 0.25], [0.0, 0.0, 0.0], [0.5, 0.5, 0.5]]","[73, 73, 73, 73, 78, 78, 32, 32]",-8.8284317525,-0.2710888175000008,0.2322737474305551
96935,Re2HfGe,inverse,"[[2.77656565, 2.77656565, -0.0], [-2.77656565, 2.77656565, 0.0], [-0.0, -0.0, 8.42986953]]","[[0.5, 0.0, 0.25], [0.0, 0.5, 0.75], [0.0, 0.0, 0.5], [0.5, 0.5, 0.0], [0.5, 0.0, 0.75], [0.0, 0.5, 0.25], [0.0, 0.0, 0.0], [0.5, 0.5, 0.5]]","[75, 75, 75, 75, 72, 72, 32, 32]",-9.73096698,0.0773710899999997,0.4727637695833331
98734,Ir2ScIn,inverse,"[[2.77271647, 2.77271647, -0.0], [-2.77271647, 2.77271647, 0.0], [0.0, 0.0, 8.84900742]]","[[0.5, 0.0, 0.25], [0.0, 0.5, 0.75], [0.0, 0.0, 0.5], [0.5, 0.5, 0.0], [0.5, 0.0, 0.75], [0.0, 0.5, 0.25], [0.0, 0.0, 0.0], [0.5, 0.5, 0.5]]","[77, 77, 77, 77, 21, 21, 49, 49]",-7.10085722125,-0.4713817012500003,0.1679445874999997
101416,Pt2WTl,inverse,"[[2.93081938, 2.93081938, 0.0], [-2.93081938, 2.93081938, 0.0], [0.0, 0.0, 8.00520494]]","[[0.5, 0.0, 0.25], [0.0, 0.5, 0.75], [0.0, 0.0, 0.5], [0.5, 0.5, 0.0], [0.5, 0.0, 0.75], [0.0, 0.5, 0.25], [0.0, 0.0, 0.0], [0.5, 0.5, 0.5]]","[78, 78, 78, 78, 74, 74, 81, 81]",-6.44569658125,0.397428911875,0.6533692768749999
101655,Pt2AuSb,inverse,"[[2.82713623, 2.82713623, 0.0], [-2.82713623, 2.82713623, -0.0], [-0.0, -0.0, 8.96422125]]","[[0.5, 0.0, 0.25], [0.0, 0.5, 0.75], [0.0, 0.0, 0.5], [0.5, 0.5, 0.0], [0.5, 0.0, 0.75], [0.0, 0.5, 0.25], [0.0, 0.0, 0.0], [0.5, 0.5, 0.5]]","[78, 78, 78, 78, 79, 79, 51, 51]",-4.937358985,-0.0449669087500002,0.1949462746874997
101796,Au2VSn,inverse,"[[2.99047637, 2.99047637, -0.0], [-2.99047637, 2.99047637, 0.0], [-0.0, -0.0, 8.34197922]]","[[0.5, 0.0, 0.25], [0.0, 0.5, 0.7500000000000002], [0.0, 0.0, 0.5], [0.5, 0.5, 0.0], [0.5, 0.0, 0.7500000000000002], [0.0, 0.5, 0.25], [0.0, 0.0, 0.0], [0.5, 0.5, 0.5]]","[79, 79, 79, 79, 23, 23, 50, 50]",-4.7494661425,0.0609586462499995,0.206701025334074
102569,AuCdP,half,"[[3.10797844, 3.10797844, -0.0], [-3.10797844, 3.10797844, -0.0], [0.0, -0.0, 6.54222443]]","[[0.5, 0.0, 0.25], [0.0, 0.5, 0.75], [0.0, 0.0, 0.5], [0.5, 0.5, 0.0], [0.0, 0.0, 0.0], [0.5, 0.5, 0.5]]","[79, 79, 48, 48, 15, 15]",-2.9839093266666663,0.1435296838095242,0.3819745809628366
102843,Au2IrP,full,"[[2.65710464, 2.65710464, 0.0], [-2.65710464, 2.65710464, 0.0], [0.0, 0.0, 9.31588188]]","[[0.5, 0.0, 0.24999999999999997], [0.0, 0.5, 0.75], [0.5, 0.0, 0.75], [0.0, 0.5, 0.24999999999999997], [0.0, 0.0, 0.4999999999999999], [0.5, 0.5, 0.0], [0.0, 0.0, 0.0], [0.5, 0.5, 0.4999999999999999]]","[79, 79, 79, 79, 77, 77, 15, 15]",-4.69685426,0.4793561541071423,0.8216333242637935
105496,Lu2MoP,inverse,"[[2.86245436, 2.86245436, 0.0], [-2.86245436, 2.86245436, 0.0], [-0.0, -0.0, 9.66293098]]","[[0.5, 0.0, 0.25], [0.0, 0.5, 0.75], [0.0, 0.0, 0.5], [0.5, 0.5, 0.0], [0.5, 0.0, 0.75], [0.0, 0.5, 0.25], [0.0, 0.0, 0.0], [0.5, 0.5, 0.5]]","[71, 71, 71, 71, 42, 42, 15, 15]",-6.3755526675,-0.0638798183928566,0.7917452700971284
105834,Lu2HfSi,inverse,"[[3.04818406, 3.04818406, -0.0], [-3.04818406, 3.04818406, -0.0], [0.0, 0.0, 9.48249406]]","[[0.5, 3.64224404685443e-17, 0.25], [0.0, 0.5, 0.75], [0.0, 0.0, 0.5], [0.49999999999999983, 0.5, 0.0], [0.5, 3.64224404685443e-17, 0.75], [0.0, 0.5, 0.25], [0.0, 0.0, 0.0], [0.49999999999999983, 0.5, 0.5]]","[71, 71, 71, 71, 72, 72, 14, 14]",-6.22831973625,-0.1628896812500002,0.3502372779166666
