,element number,composition,cell,positions,numbers,entry_id,calculation_id,OQMD Formation energy (eV/atom),OQMD Hull distance (eV/atom),natoms,spacegroup
0,1,H,"[[0.0, 0.0, -2.790648], [-1.517271, -1.517271, 1.395323], [-1.517271, 1.517271, -1.395323]]","[[0.866, 0.0, 0.0], [0.134, 0.0, 0.0]]","[1, 1]",5539.0,7427.0,0.0,0.0,2.0,I4/mmm
1,2,He,"[[0.0, 0.0, -2.644166], [2.42271, 2.42271, 1.322083], [2.42271, -2.42271, -1.322083]]","[[0.0, 0.0, 0.0], [0.25, 0.5, 0.5]]","[2, 2]",1215599.0,2694355.0,0.0,0.0,2.0,I41/amd
2,3,Li,"[[-2.949629, 0.0, 0.0], [1.474814, -2.554453, 0.0], [-1.474814, 0.851484, 7.242965]]","[[0.0, 0.0, 0.0], [0.222, 0.778, 0.333], [0.778, 0.222, 0.667]]","[3, 3, 3]",30676.0,8358.0,0.0,0.0,3.0,R-3m
3,4,Be,"[[2.262666, 0.0, 0.0], [-1.131332, 1.959482, 0.0], [0.0, 0.0, 3.568134]]","[[0.333, 0.667, 0.25], [0.667, 0.333, 0.75]]","[4, 4]",622128.0,1232900.0,0.0,0.0,2.0,P63/mmc
4,5,B,"[[2.444654, 4.234265, 0.0], [-4.889307, 0.0, 0.0], [-2.444654, 1.411422, 4.171019]]","[[0.778, 0.148, 0.0732], [0.37, 0.148, 0.0732], [0.778, 0.557, 0.0732], [0.0104, 0.0208, 0.325], [0.654, 0.664, 0.325], [0.0104, 0.664, 0.325], [0.346, 0.336, 0.675], [0.99, 0.336, 0.675], [0.99, 0.979, 0.675], [0.222, 0.443, 0.927], [0.222, 0.852, 0.927], [0.63, 0.852, 0.927]]","[5, 5, 5, 5, 5, 5, 5, 5, 5, 5, 5, 5]",620379.0,1232856.0,0.0,0.0,12.0,R-3m
5,6,C,"[[2.465353, 0.000506, 0.0], [-1.232238, 2.133286, 0.0], [0.0, 0.0, 7.372488]]","[[0.000663, 0.000661, 0.25], [0.333, 0.666, 0.25], [0.999, 0.999, 0.75], [0.667, 0.334, 0.75]]","[6, 6, 6, 6]",1215937.0,2695015.0,0.0,0.0,4.0,P21/m
6,7,N,"[[4.985617, 0.0, 0.0], [0.0, 4.985617, 0.0], [0.0, 0.0, 4.985617]]","[[0.0645, 0.0645, 0.0645], [0.435, 0.565, 0.0645], [0.565, 0.0645, 0.435], [0.935, 0.565, 0.435], [0.0645, 0.435, 0.565], [0.435, 0.935, 0.565], [0.565, 0.435, 0.935], [0.935, 0.935, 0.935]]","[7, 7, 7, 7, 7, 7, 7, 7]",3113.0,34073.0,0.0,0.0,8.0,Pa-3
7,8,O,"[[-1.680522, 0.0, 3.457801], [3.94565, -2.818202, -0.009221], [3.94565, 2.818202, -0.009221]]","[[0.834, 0.16, 0.16], [0.822, 0.706, 0.222], [0.189, 0.232, 0.232], [0.178, 0.778, 0.294], [0.822, 0.222, 0.706], [0.811, 0.768, 0.768], [0.178, 0.294, 0.778], [0.166, 0.84, 0.84]]","[8, 8, 8, 8, 8, 8, 8, 8]",20034.0,148564.0,0.0,0.0,8.0,C2/m
8,9,F,"[[4.866586, 0.0, 0.0], [-1.66408, 4.573237, 0.0], [0.0, 0.0, 7.896047]]","[[0.66, 0.66, 0.0], [0.912, 0.912, 0.0], [0.236, 0.351, 0.0704], [0.741, 0.171, 0.163], [0.136, 0.809, 0.204], [0.636, 0.309, 0.296], [0.241, 0.671, 0.337], [0.736, 0.851, 0.43], [0.16, 0.16, 0.5], [0.412, 0.412, 0.5], [0.851, 0.736, 0.57], [0.671, 0.241, 0.663], [0.309, 0.636, 0.704], [0.809, 0.136, 0.796], [0.171, 0.741, 0.837], [0.351, 0.236, 0.93]]","[9, 9, 9, 9, 9, 9, 9, 9, 9, 9, 9, 9, 9, 9, 9, 9]",1793558.0,4644122.0,-0.0041692906249999,0.0,16.0,Aba2
9,10,Ne,"[[2.2311, -2.2311, 0.0], [-2.2311, 0.0, -2.2311], [2.2311, 2.2311, 0.0]]","[[0.0, 0.0, 0.0]]",[10],8086.0,3637.0,0.0,0.0,1.0,Fm-3m
10,11,Na,"[[3.6179, 0.0, 0.0], [-1.80895, 3.13304, 0.0], [0.0, 0.0, 5.895615]]","[[0.333, 0.667, 0.25], [0.667, 0.333, 0.75]]","[11, 11]",8535.0,6747.0,0.0,0.0,2.0,P63/mmc
11,12,Mg,"[[0.0, -3.19845, 0.0], [-16.53895, 0.0, 0.0], [0.0, 0.0, -5.198247]]","[[0.0, 0.0, 0.0], [0.5, 0.167, 0.0], [0.0, 0.333, 0.0], [0.5, 0.5, 0.0], [0.0, 0.667, 0.0], [0.5, 0.833, 0.0], [0.5, 0.0556, 0.5], [0.0, 0.222, 0.5], [0.5, 0.389, 0.5], [0.0, 0.556, 0.5], [0.5, 0.722, 0.5], [0.0, 0.889, 0.5]]","[12, 12, 12, 12, 12, 12, 12, 12, 12, 12, 12, 12]",752492.0,1690076.0,0.0,0.0,12.0,Cmcm
12,13,Al,"[[-2.84284, 0.0, 0.0], [-1.42142, -2.461972, 0.0], [1.421419, 0.820658, 4.71158]]","[[0.75, 0.75, 0.25], [0.25, 0.25, 0.75]]","[13, 13]",1215750.0,2694645.0,0.0,0.0,2.0,R-3m
13,14,Si,"[[2.732954, -2.732954, 0.0], [-2.732954, 0.0, -2.732954], [2.732954, 2.732954, 0.0]]","[[0.0, 0.0, 0.0], [0.75, 0.5, 0.25]]","[14, 14]",5714.0,5858.0,0.0,0.0,2.0,Fd-3m
14,15,P,"[[12.651384, 0.0273, -0.134595], [-1.82355, 12.891371, 0.030127], [-2.134163, -3.525941, 6.151183]]","[[0.173, 0.128, 0.0785], [0.177, 0.951, 0.0795], [0.152, 0.394, 0.08], [0.155, 0.684, 0.0819], [0.433, 0.0821, 0.0956], [0.407, 0.827, 0.119], [0.404, 0.335, 0.121], [0.4, 0.58, 0.122], [0.0798, 0.548, 0.157], [0.73, 0.523, 0.232], [0.728, 0.771, 0.235], [0.724, 0.275, 0.235], [0.851, 0.416, 0.25], [0.853, 0.67, 0.252], [0.83, 0.157, 0.258], [0.833, 0.929, 0.258], [0.702, 0.024, 0.26], [0.369, 0.998, 0.263], [0.364, 0.226, 0.264], [0.34, 0.485, 0.278], [0.343, 0.738, 0.279], [0.657, 0.262, 0.721], [0.66, 0.515, 0.722], [0.636, 0.774, 0.736], [0.631, 0.00231, 0.737], [0.298, 0.976, 0.74], [0.167, 0.0712, 0.742], [0.17, 0.843, 0.742], [0.147, 0.33, 0.748], [0.149, 0.584, 0.75], [0.276, 0.725, 0.765], [0.272, 0.229, 0.765], [0.27, 0.477, 0.768], [0.92, 0.452, 0.843], [0.6, 0.42, 0.878], [0.596, 0.665, 0.879], [0.593, 0.173, 0.881], [0.567, 0.918, 0.904], [0.845, 0.316, 0.918], [0.848, 0.606, 0.92], [0.823, 0.0489, 0.921], [0.827, 0.872, 0.922]]","[15, 15, 15, 15, 15, 15, 15, 15, 15, 15, 15, 15, 15, 15, 15, 15, 15, 15, 15, 15, 15, 15, 15, 15, 15, 15, 15, 15, 15, 15, 15, 15, 15, 15, 15, 15, 15, 15, 15, 15, 15, 15]",24584.0,1151510.0,0.0,0.0,42.0,P-1
15,16,S,"[[11.033489874, 0.0, 0.0], [0.0, 11.018034898, 0.0], [-1.165134025, 0.0, 11.123470717]]","[[0.94, 0.89, 0.00426], [0.955, 0.0712, 0.0515], [0.549, 0.0499, 0.0518], [0.678, 0.183, 0.0878], [0.347, 0.33, 0.117], [0.448, 0.488, 0.122], [0.755, 0.646, 0.153], [0.173, 0.373, 0.154], [0.251, 0.856, 0.161], [0.835, 0.109, 0.176], [0.782, 0.477, 0.23], [0.278, 0.0251, 0.238], [0.65, 0.749, 0.256], [0.147, 0.752, 0.264], [0.95, 0.476, 0.33], [0.448, 0.0258, 0.335], [0.763, 0.856, 0.371], [0.262, 0.645, 0.377], [0.543, 0.317, 0.446], [0.0446, 0.183, 0.449], [0.708, 0.228, 0.457], [0.21, 0.273, 0.463], [0.572, 0.498, 0.486], [0.0728, 0.00306, 0.491], [0.927, 0.503, 0.509], [0.428, 0.998, 0.514], [0.79, 0.773, 0.537], [0.292, 0.728, 0.543], [0.955, 0.683, 0.551], [0.457, 0.817, 0.554], [0.738, 0.145, 0.623], [0.237, 0.356, 0.629], [0.552, 0.526, 0.665], [0.0495, 0.976, 0.67], [0.853, 0.252, 0.736], [0.35, 0.249, 0.744], [0.722, 0.525, 0.762], [0.218, 0.977, 0.77], [0.165, 0.609, 0.824], [0.749, 0.356, 0.839], [0.827, 0.873, 0.846], [0.245, 0.146, 0.847], [0.552, 0.988, 0.878], [0.653, 0.83, 0.883], [0.322, 0.683, 0.912], [0.451, 0.55, 0.948], [0.0448, 0.571, 0.949], [0.0599, 0.39, 0.996]]","[16, 16, 16, 16, 16, 16, 16, 16, 16, 16, 16, 16, 16, 16, 16, 16, 16, 16, 16, 16, 16, 16, 16, 16, 16, 16, 16, 16, 16, 16, 16, 16, 16, 16, 16, 16, 16, 16, 16, 16, 16, 16, 16, 16, 16, 16, 16, 16]",675622.0,2341647.0,-0.0003740318750002,0.0,64.0,P21
16,17,Cl,"[[-3.203427, -2.162654, 0.0], [-3.203427, 2.162654, 0.0], [0.0, 0.0, -8.067191]]","[[0.12, 0.88, 0.107], [0.62, 0.38, 0.393], [0.38, 0.62, 0.607], [0.88, 0.12, 0.893]]","[17, 17, 17, 17]",585140.0,1258374.0,0.0,0.0,4.0,Cmca
17,18,Ar,"[[3.578865, 0.0, 0.0], [-1.789433, 3.09938, 0.0], [0.0, 0.0, 5.847617]]","[[0.333, 0.667, 0.25], [0.667, 0.333, 0.75]]","[18, 18]",604613.0,1232541.0,0.0,0.0,2.0,P63/mmc
18,19,K,"[[-4.659758, 0.0, 0.0], [2.329879, -4.035469, 0.0], [2.329879, 1.345157, 7.652829]]","[[0.5, 0.75, 0.25], [0.5, 0.25, 0.75]]","[19, 19]",1215784.0,2694711.0,0.0,0.0,2.0,R-3m
19,20,Ca,"[[2.721822, -2.721822, 0.0], [-2.721822, 0.0, -2.721822], [2.721822, 2.721822, 0.0]]","[[0.0, 0.0, 0.0]]",[20],594524.0,1232519.0,0.0,0.0,1.0,Fm-3m
20,21,Sc,"[[3.291713, 0.0, 0.0], [-1.645857, 2.850632, 0.0], [0.0, 0.0, 5.110283]]","[[0.333, 0.667, 0.25], [0.667, 0.333, 0.75]]","[21, 21]",8146.0,5242.0,0.0,0.0,2.0,P63/mmc
21,22,Ti,"[[4.550057, 4e-05, 0.0], [-2.274994, 3.940485, 0.0], [0.0, 0.0, 2.809682]]","[[4.74e-06, 5.08e-06, 0.0], [0.667, 0.333, 0.5], [0.333, 0.667, 0.5]]","[22, 22, 22]",9315.0,1276149.0,0.0,0.0,3.0,P6/mmm
22,23,V,"[[1.487624, 1.487624, -1.487624], [1.487624, -1.487624, 1.487624], [-1.487624, -1.487624, -1.487624]]","[[0.0, 0.0, 0.0]]",[23],8082.0,3629.0,0.0,0.0,1.0,Im-3m
23,24,Cr,"[[1.41453, 1.41453, -1.41453], [1.41453, -1.41453, 1.41453], [-1.41453, -1.41453, -1.41453]]","[[0.0, 0.0, 0.0]]",[24],1215141.0,1281635.0,0.0,0.0,1.0,Im-3m
24,25,Mn,"[[4.26276, 4.26276, -4.26276], [4.26276, -4.26276, 4.26276], [-4.26276, -4.26276, -4.26276]]","[[0.0, 0.0, 0.0], [0.364, 0.0, 0.0], [0.606, 0.319, 0.0], [0.0, 0.364, 0.0], [0.319, 0.606, 0.0], [0.807, 0.63, 0.0], [0.63, 0.807, 0.0], [0.37, 0.37, 0.177], [0.823, 0.193, 0.193], [0.193, 0.823, 0.193], [0.681, 0.681, 0.287], [0.606, 0.0, 0.319], [0.0, 0.606, 0.319], [0.0, 0.0, 0.364], [0.37, 0.177, 0.37], [0.177, 0.37, 0.37], [0.713, 0.394, 0.394], [0.394, 0.713, 0.394], [0.319, 0.0, 0.606], [0.0, 0.319, 0.606], [0.807, 0.0, 0.63], [0.0, 0.807, 0.63], [0.636, 0.636, 0.636], [0.681, 0.287, 0.681], [0.287, 0.681, 0.681], [0.394, 0.394, 0.713], [0.63, 0.0, 0.807], [0.0, 0.63, 0.807], [0.193, 0.193, 0.823]]","[25, 25, 25, 25, 25, 25, 25, 25, 25, 25, 25, 25, 25, 25, 25, 25, 25, 25, 25, 25, 25, 25, 25, 25, 25, 25, 25, 25, 25]",7874.0,1054202.0,0.0,0.0,29.0,I-43m
25,26,Fe,"[[1.4091, 1.4091, 1.4091], [1.4091, -1.4091, -1.4091], [-1.4091, 1.4091, -1.4091]]","[[0.0, 0.0, 0.0]]",[26],8568.0,4213.0,0.0,0.0,1.0,Im-3m
26,27,Co,"[[2.483155743, 0.0, 0.0], [-1.241577872, 2.150475955, 0.0], [0.0, 0.0, 4.01495696]]","[[0.333, 0.667, 0.25], [0.667, 0.333, 0.75]]","[27, 27]",637416.0,2369249.0,-0.0168910999999996,0.0,2.0,P63/mmc
27,28,Ni,"[[-1.238008372, 1.238008372, 1.752230195], [1.238008372, -1.238008372, 1.752230195], [1.238008372, 1.238008372, -1.752230195]]","[[0.0, 0.0, 0.0]]",[28],1485065.0,3847937.0,-0.0011435100000003,0.0,1.0,I4/mmm
28,29,Cu,"[[0.0, 1.805395502, 1.805395502], [1.805395502, 0.0, 1.805395502], [1.805395502, 1.805395502, 0.0]]","[[0.0, 0.0, 0.0]]",[29],635950.0,5193079.0,0.0,0.0,1.0,Fm-3m
29,30,Zn,"[[2.640824, 0.0, 0.0], [-1.320412, 2.287013, 0.0], [0.0, 0.0, 5.025683]]","[[0.333, 0.667, 0.25], [0.667, 0.333, 0.75]]","[30, 30]",122929.0,1234003.0,0.0,0.0,2.0,P63/mmc
30,31,Ga,"[[-2.277499, -3.870427, 0.0], [-2.277499, 3.870427, 0.0], [0.0, 0.0, -4.558513]]","[[0.156, 0.844, 0.0813], [0.656, 0.344, 0.419], [0.344, 0.656, 0.581], [0.844, 0.156, 0.919]]","[31, 31, 31, 31]",1214704.0,1282970.0,0.0,0.0,4.0,Cmca
31,32,Ge,"[[2.878716, -2.878716, 0.0], [-2.878716, 0.0, -2.878716], [2.878716, 2.878716, 0.0]]","[[0.0, 0.0, 0.0], [0.75, 0.5, 0.25]]","[32, 32]",7651.0,5734.0,0.0,0.0,2.0,Fd-3m
32,33,As,"[[4.234669, -0.008503, -0.005733], [2.534005, 3.392833, -0.005733], [2.534005, 1.267, 3.147389]]","[[0.226, 0.226, 0.226], [0.774, 0.774, 0.774]]","[33, 33]",626962.0,1232946.0,0.0,0.0,2.0,R-3m
33,34,Se,"[[4.396591, 0.0, 0.0], [-2.198296, 3.807559, 0.0], [0.0, 0.0, 5.029514]]","[[0.772, 0.772, 0.0], [0.228, 0.0, 0.333], [0.0, 0.228, 0.667]]","[34, 34, 34]",1215905.0,2694953.0,0.0,0.0,3.0,P3121
34,35,Br,"[[-3.492712, -2.109403, 0.0], [-3.492712, 2.109403, 0.0], [0.0, 0.0, -8.557065]]","[[0.148, 0.852, 0.12], [0.648, 0.352, 0.38], [0.352, 0.648, 0.62], [0.852, 0.148, 0.88]]","[35, 35, 35, 35]",638130.0,1233363.0,0.0,0.0,4.0,Cmca
35,36,Kr,"[[3.933791, 0.0, 0.0], [-1.966896, 3.40672, 0.0], [0.0, 0.0, 6.42902]]","[[0.333, 0.667, 0.25], [0.667, 0.333, 0.75]]","[36, 36]",2562.0,5057.0,0.0,0.0,2.0,P63/mmc
36,37,Rb,"[[2.521473, -4.367319, 0.0], [2.521473, 4.367319, 0.0], [0.0, -2.911546, 12.206998]]","[[0.0, 0.0, 0.0], [0.222, 0.778, 0.333], [0.778, 0.222, 0.667]]","[37, 37, 37]",1216079.0,2695291.0,0.0,0.0,3.0,R-3m
37,38,Sr,"[[0.0, 2.998889, -2.998889], [2.998889, 0.0, 2.998889], [0.0, -2.998889, -2.998889]]","[[0.0, 0.0, 0.0]]",[38],1214573.0,1281947.0,0.0,0.0,1.0,Fm-3m
38,39,Y,"[[3.63327, 0.0, 0.0], [-1.816634, 3.146503, 0.0], [0.0, 0.0, 5.675111]]","[[0.333, 0.667, 0.25], [0.667, 0.333, 0.75]]","[39, 39]",1215387.0,2693950.0,0.0,0.0,2.0,P63/mmc
39,40,Zr,"[[5.892701, -1.61508, 0.0], [5.892701, 1.61508, 0.0], [-1.873579, 0.0, 7.379312]]","[[0.139, 0.139, 0.0274], [0.528, 0.528, 0.306], [0.805, 0.805, 0.361], [0.195, 0.195, 0.639], [0.472, 0.472, 0.694], [0.861, 0.861, 0.973]]","[40, 40, 40, 40, 40, 40]",1791927.0,4608731.0,-0.0001719050000001,0.0,6.0,C2/m
40,41,Nb,"[[1.658875, 1.658875, 1.658875], [1.658875, -1.658875, -1.658875], [-1.658875, 1.658875, -1.658875]]","[[0.0, 0.0, 0.0]]",[41],1215170.0,1281713.0,0.0,0.0,1.0,Im-3m
41,42,Mo,"[[1.580759, 1.580759, -1.580759], [1.580759, -1.580759, 1.580759], [-1.580759, -1.580759, -1.580759]]","[[0.0, 0.0, 0.0]]",[42],1215167.0,1281683.0,0.0,0.0,1.0,Im-3m
42,43,Tc,"[[2.752709, 0.0, 0.0], [-1.376355, 2.383916, 0.0], [0.0, 0.0, 4.41295]]","[[0.333, 0.667, 0.25], [0.667, 0.333, 0.75]]","[43, 43]",1215377.0,1282648.0,0.0,0.0,2.0,P63/mmc
43,44,Ru,"[[2.719534, 0.0, 0.0], [-1.359767, 2.355134, 0.0], [0.0, 0.0, 4.291044]]","[[0.333, 0.667, 0.25], [0.667, 0.333, 0.75]]","[44, 44]",7247.0,5847.0,0.0,0.0,2.0,P63/mmc
44,45,Rh,"[[1.91227, -1.91227, 0.0], [-1.91227, 0.0, -1.91227], [1.91227, 1.91227, 0.0]]","[[0.0, 0.0, 0.0]]",[45],7514.0,3721.0,0.0,0.0,1.0,Fm-3m
45,46,Pd,"[[0.0, 1.964273, -1.964273], [1.964273, 0.0, 1.964273], [0.0, -1.964273, -1.964273]]","[[0.0, 0.0, 0.0]]",[46],1214557.0,1281873.0,0.0,0.0,1.0,Fm-3m
46,47,Ag,"[[2.898306, 0.0, 0.0], [-1.449153, 2.510019, 0.0], [0.0, 0.0, 9.708416]]","[[0.0, 0.0, 0.0], [0.333, 0.667, 0.25], [0.0, 0.0, 0.5], [0.667, 0.333, 0.75]]","[47, 47, 47, 47]",11876.0,11723.0,0.0,0.0,4.0,P63/mmc
47,48,Cd,"[[2.994706, 0.0, 0.0], [-1.497353, 2.593507, 0.0], [0.0, 0.0, 5.626847]]","[[0.333, 0.667, 0.25], [0.667, 0.333, 0.75]]","[48, 48]",593871.0,1232286.0,0.0,0.0,2.0,P63/mmc
48,49,In,"[[-3.274433, 0.0, 0.0], [0.0, -3.274433, 0.0], [1.637216, 1.637216, 2.488566]]","[[0.0, 0.0, 0.0]]",[49],1215693.0,1283260.0,0.0,0.0,1.0,I4/mmm
49,50,Sn,"[[0.0, 3.308372, -3.308372], [3.308372, 0.0, 3.308372], [0.0, -3.308372, -3.308372]]","[[0.0, 0.0, 0.0], [0.25, 0.5, 0.75]]","[50, 50]",1215552.0,1283818.0,0.0,0.0,2.0,Fd-3m
50,51,Sb,"[[4.375198, 0.0, 0.0], [-2.187599, 3.789171, 0.0], [-1e-06, -0.002406, 22.924316]]","[[0.667, 0.333, 0.0335], [0.0, 0.0, 0.132], [0.333, 0.667, 0.199], [0.667, 0.333, 0.3], [0.0, 0.0, 0.367], [0.333, 0.667, 0.467], [0.667, 0.333, 0.533], [0.0, 0.0, 0.633], [0.333, 0.667, 0.7], [0.667, 0.333, 0.801], [0.0, 0.0, 0.868], [0.333, 0.667, 0.966]]","[51, 51, 51, 51, 51, 51, 51, 51, 51, 51, 51, 51]",1787572.0,4629302.0,-1.9464166666871563e-05,0.0,12.0,C2/m
51,52,Te,"[[4.501788, 0.0, 0.0], [-2.250894, 3.898663, 0.0], [0.0, 0.0, 5.968812]]","[[0.731, 0.731, 0.0], [0.269, 0.0, 0.333], [8.74e-07, 0.269, 0.667]]","[52, 52, 52]",1215913.0,1283576.0,0.0,0.0,3.0,P3121
52,53,I,"[[9.334557, 0.0, 0.0], [4.667278, 8.395385, 0.0], [0.0, 0.0, 9.757567]]","[[0.184, 0.0, 0.0], [0.685, 0.0, 0.0], [0.185, 0.503, 0.00869], [0.59, 0.696, 0.241], [0.0861, 0.195, 0.25], [0.586, 0.195, 0.25], [0.0897, 0.696, 0.259], [0.685, 0.503, 0.491], [0.185, 0.0, 0.5], [0.684, 0.0, 0.5], [0.188, 0.497, 0.509], [0.785, 0.304, 0.741], [0.782, 0.805, 0.75], [0.282, 0.805, 0.75], [0.285, 0.304, 0.759], [0.688, 0.497, 0.991]]","[53, 53, 53, 53, 53, 53, 53, 53, 53, 53, 53, 53, 53, 53, 53, 53]",1793559.0,4644124.0,-0.0196315793749999,0.0,16.0,Aba2
53,54,Xe,"[[-4.322507, 0.0, 0.0], [0.0, -4.322507, 0.0], [2.161254, 2.161254, 3.242446]]","[[0.0, 0.0, 0.0]]",[54],1215743.0,2694631.0,0.0,0.0,1.0,I4/mmm
54,55,Cs,"[[5.481798, 0.0, 0.0], [-2.740899, 4.747376, 0.0], [0.0, 0.0, 8.901729]]","[[0.333, 0.667, 0.25], [0.667, 0.333, 0.75]]","[55, 55]",1215320.0,1282620.0,0.0,0.0,2.0,P63/mmc
55,56,Ba,"[[2.5125, 2.5125, 2.5125], [2.5125, -2.5125, -2.5125], [-2.5125, 2.5125, -2.5125]]","[[0.0, 0.0, 0.0]]",[56],603869.0,1232529.0,0.0,0.0,1.0,Im-3m
56,57,La,"[[3.757227, 0.0, 0.0], [-1.878613, 3.253854, 0.0], [0.0, 0.0, 12.01611]]","[[0.0, 0.0, 0.0], [0.333, 0.667, 0.25], [0.0, 0.0, 0.5], [0.667, 0.333, 0.75]]","[57, 57, 57, 57]",1215430.0,1281281.0,0.0,0.0,4.0,P63/mmc
57,58,Ce,"[[3.778569, 0.0, 0.0], [-1.889285, 3.272311, 0.0], [0.0, 0.0, 12.147338]]","[[0.0, 0.0, 0.0], [0.333, 0.667, 0.25], [0.0, 0.0, 0.5], [0.667, 0.333, 0.75]]","[58, 58, 58, 58]",592420.0,1232198.0,0.0,0.0,4.0,P63/mmc
58,59,Pr,"[[3.724702, 0.0, 0.0], [-1.862351, 3.225686, 0.0], [0.0, 0.0, 11.962551]]","[[0.0, 0.0, 0.0], [0.333, 0.667, 0.25], [0.0, 0.0, 0.5], [0.667, 0.333, 0.75]]","[59, 59, 59, 59]",1215450.0,1281287.0,0.0,0.0,4.0,P63/mmc
59,60,Nd,"[[3.687873, 0.0, 0.0], [-1.843937, 3.193831, 0.0], [0.0, 0.0, 11.88128]]","[[0.0, 0.0, 0.0], [0.333, 0.667, 0.25], [0.0, 0.0, 0.5], [0.667, 0.333, 0.75]]","[60, 60, 60, 60]",8137.0,9491.0,0.0,0.0,4.0,P63/mmc
60,61,Pm,"[[3.657103, 0.0, 0.0], [-1.828552, 3.167144, 0.0], [0.0, 0.0, 11.739803]]","[[0.0, 0.0, 0.0], [0.333, 0.667, 0.25], [0.0, 0.0, 0.5], [0.667, 0.333, 0.75]]","[61, 61, 61, 61]",1215449.0,2694068.0,0.0,0.0,4.0,P63/mmc
61,62,Sm,"[[3.64624, 0.0, 0.0], [-1.823121, 3.157737, 0.0], [0.0, 0.0, 11.702319]]","[[0.0, 0.0, 0.0], [0.333, 0.667, 0.25], [0.0, 0.0, 0.5], [0.667, 0.333, 0.75]]","[62, 62, 62, 62]",1215462.0,1281273.0,0.0,0.0,4.0,P63/mmc
62,63,Eu,"[[2.161074, 2.161074, 2.161074], [2.161074, -2.161074, -2.161074], [-2.161074, 2.161074, -2.161074]]","[[0.0, 0.0, 0.0]]",[63],8138.0,4047.0,0.0,0.0,1.0,Im-3m
63,64,Gd,"[[3.589326, 0.0, 0.0], [-1.794663, 3.108487, 0.0], [0.0, 0.0, 11.581014]]","[[0.0, 0.0, 0.0], [0.333, 0.667, 0.25], [0.0, 0.0, 0.5], [0.667, 0.333, 0.75]]","[64, 64, 64, 64]",9623.0,13636.0,0.0,0.0,4.0,P63/mmc
64,65,Tb,"[[-1.791215, 3.102476, 0.0], [3.58243, 0.0, 0.0], [1.791215, -1.034159, -8.581597]]","[[0.0, 0.0, 0.0], [0.778, 0.222, 0.334], [0.222, 0.778, 0.666]]","[65, 65, 65]",9303.0,8398.0,0.0,0.0,3.0,R-3m
65,66,Dy,"[[1.779559, -3.082286, 0.0], [1.779559, 3.082286, 0.0], [0.0, -2.054857, 8.54014]]","[[0.0, 0.0, 0.0], [0.222, 0.778, 0.333], [0.778, 0.222, 0.667]]","[66, 66, 66]",1216035.0,2695210.0,0.0,0.0,3.0,R-3m
66,67,Ho,"[[1.772691, -3.070391, 0.0], [1.772691, 3.070391, 0.0], [-1.772691, 1.023464, 8.439256]]","[[0.0, 0.0, 0.0], [0.556, 0.778, 0.334], [0.444, 0.222, 0.666]]","[67, 67, 67]",9314.0,8472.0,0.0,0.0,3.0,R-3m
67,68,Er,"[[3.567671, 0.0, 0.0], [-1.783836, 3.089694, 0.0], [0.0, 0.0, 5.52453]]","[[0.333, 0.667, 0.25], [0.667, 0.333, 0.75]]","[68, 68]",1215323.0,2693842.0,0.0,0.0,2.0,P63/mmc
68,69,Tm,"[[3.542251, 0.0, 0.0], [-1.771125, 3.067577, 0.0], [0.0, 0.0, 5.509358]]","[[0.333, 0.667, 0.25], [0.667, 0.333, 0.75]]","[69, 69]",51185.0,1233775.0,0.0,0.0,2.0,P63/mmc
69,70,Yb,"[[2.640966, -2.640966, 0.0], [-2.640966, 0.0, -2.640966], [2.640966, 2.640966, 0.0]]","[[0.0, 0.0, 0.0]]",[70],8144.0,4050.0,0.0,0.0,1.0,Fm-3m
70,71,Lu,"[[3.509078, 0.0, 0.0], [-1.754539, 3.038829, 0.0], [0.0, 0.0, 5.445416]]","[[0.333, 0.667, 0.25], [0.667, 0.333, 0.75]]","[71, 71]",109831.0,1234080.0,0.0,0.0,2.0,P63/mmc
71,72,Hf,"[[3.193987, 0.0, 0.0], [-1.596993, 2.766073, 0.0], [0.0, 0.0, 5.059729]]","[[0.333, 0.667, 0.25], [0.667, 0.333, 0.75]]","[72, 72]",1215332.0,1282542.0,0.0,0.0,2.0,P63/mmc
72,73,Ta,"[[1.657966, 1.657966, 1.657966], [1.657966, -1.657966, -1.657966], [-1.657966, 1.657966, -1.657966]]","[[0.0, 0.0, 0.0]]",[73],1215197.0,1281755.0,0.0,0.0,1.0,Im-3m
73,74,W,"[[1.592018, 1.592018, 1.592018], [1.592018, -1.592018, -1.592018], [-1.592018, 1.592018, -1.592018]]","[[0.0, 0.0, 0.0]]",[74],1215207.0,1281761.0,0.0,0.0,1.0,Im-3m
74,75,Re,"[[2.769518, 0.0, 0.0], [-1.384759, 2.398456, 0.0], [0.0, 0.0, 4.472354]]","[[0.333, 0.667, 0.25], [0.667, 0.333, 0.75]]","[75, 75]",7248.0,5852.0,0.0,0.0,2.0,P63/mmc
75,76,Os,"[[2.750142, 0.0, 0.0], [-1.375071, 2.381693, 0.0], [0.0, 0.0, 4.348155]]","[[0.333, 0.667, 0.25], [0.667, 0.333, 0.75]]","[76, 76]",1215354.0,1282496.0,0.0,0.0,2.0,P63/mmc
76,77,Ir,"[[1.933889, -1.933889, 0.0], [-1.933889, 0.0, -1.933889], [1.933889, 1.933889, 0.0]]","[[0.0, 0.0, 0.0]]",[77],7521.0,3798.0,0.0,0.0,1.0,Fm-3m
77,78,Pt,"[[1.980658, -1.980658, 0.0], [-1.980658, 0.0, -1.980658], [1.980658, 1.980658, 0.0]]","[[0.0, 0.0, 0.0]]",[78],7522.0,3853.0,0.0,0.0,1.0,Fm-3m
78,79,Au,"[[2.069548, -2.069548, 0.0], [-2.069548, 0.0, -2.069548], [2.069548, 2.069548, 0.0]]","[[0.0, 0.0, 0.0]]",[79],636382.0,1233244.0,0.0,0.0,1.0,Fm-3m
79,80,Hg,"[[5.948387, 5.948387, -5.948387], [5.948387, -5.948387, 5.948387], [-5.948387, -5.948387, -5.948387]]","[[0.0, 0.0, 0.0], [0.346, 0.0, 0.0], [0.588, 0.309, 0.0], [0.0, 0.346, 0.0], [0.309, 0.588, 0.0], [0.807, 0.622, 0.0], [0.622, 0.807, 0.0], [0.378, 0.378, 0.185], [0.815, 0.193, 0.193], [0.193, 0.815, 0.193], [0.691, 0.691, 0.279], [0.588, 0.0, 0.309], [0.0, 0.588, 0.309], [0.0, 0.0, 0.346], [0.378, 0.185, 0.378], [0.185, 0.378, 0.378], [0.721, 0.412, 0.412], [0.412, 0.721, 0.412], [0.309, 0.0, 0.588], [0.0, 0.309, 0.588], [0.807, 0.0, 0.622], [0.0, 0.807, 0.622], [0.654, 0.654, 0.654], [0.691, 0.279, 0.691], [0.279, 0.691, 0.691], [0.412, 0.412, 0.721], [0.622, 0.0, 0.807], [0.0, 0.622, 0.807], [0.193, 0.193, 0.815]]","[80, 80, 80, 80, 80, 80, 80, 80, 80, 80, 80, 80, 80, 80, 80, 80, 80, 80, 80, 80, 80, 80, 80, 80, 80, 80, 80, 80, 80]",1214799.0,2692772.0,0.0,0.0,29.0,I-43m
80,81,Tl,"[[3.513072, 0.0, 0.0], [-1.756537, 3.042411, 0.0], [0.0, 0.0, 5.680887]]","[[0.333, 0.667, 0.25], [0.667, 0.333, 0.75]]","[81, 81]",1215381.0,1282498.0,0.0,0.0,2.0,P63/mmc
81,82,Pb,"[[0.0, 2.497597, -2.497597], [2.497597, 0.0, 2.497597], [0.0, -2.497597, -2.497597]]","[[0.0, 0.0, 0.0]]",[82],1214556.0,1281899.0,0.0,0.0,1.0,Fm-3m
82,83,Bi,"[[2.287869, -3.962706, 0.0], [-4.575738, 0.0, 0.0], [2.287869, -1.320902, -3.979905]]","[[0.235, 0.765, 0.294], [0.765, 0.235, 0.706]]","[83, 83]",640404.0,1233344.0,0.0,0.0,2.0,R-3m
88,89,Ac,"[[4.007733, 0.0, 0.0], [-2.003867, 3.470798, 0.0], [0.0, 0.0, 12.94474]]","[[0.0, 0.0, 0.0], [0.333, 0.667, 0.25], [0.0, 0.0, 0.5], [0.667, 0.333, 0.75]]","[89, 89, 89, 89]",1215392.0,2693960.0,0.0,0.0,4.0,P63/mmc
89,90,Th,"[[-3.564799, 0.0, 0.0], [0.0, -3.564799, 0.0], [1.782401, 1.782401, 2.527621]]","[[0.0, 0.0, 0.0]]",[90],17355.0,8107.0,0.0,0.0,1.0,I4/mmm
90,91,Pa,"[[0.0, -1.894379, 2.667696], [-1.640581, 0.94719, 2.667696], [-1.640581, -0.94719, -2.667696]]","[[0.0, 0.0, 0.0]]",[91],1214644.0,2692466.0,0.0,0.0,1.0,R-3m
91,92,U,"[[2.792968, 0.0, 0.0], [1.396485, 2.924088, 0.0], [0.0, 0.0, 4.894329]]","[[0.902, 0.196, 0.25], [0.0979, 0.804, 0.75]]","[92, 92]",1215294.0,1282726.0,0.0,0.0,2.0,Cmcm
92,93,Np,"[[6.579158, 0.0, 0.0], [0.0, 4.658342, 0.0], [0.0, 0.0, 4.794068]]","[[0.682, 0.75, 0.141], [0.044, 0.25, 0.217], [0.544, 0.25, 0.283], [0.182, 0.75, 0.359], [0.818, 0.25, 0.641], [0.456, 0.75, 0.717], [0.956, 0.75, 0.783], [0.318, 0.25, 0.859]]","[93, 93, 93, 93, 93, 93, 93, 93]",17870.0,149490.0,0.0,0.0,8.0,Pnma
93,94,Pu,"[[5.94067, 0.0, -0.011371], [0.0, 4.500971, 0.0], [-2.174267, 0.0, 10.623497]]","[[0.698, 0.75, 0.0715], [0.135, 0.75, 0.11], [0.336, 0.25, 0.161], [0.75, 0.25, 0.171], [0.107, 0.25, 0.327], [0.56, 0.75, 0.365], [0.982, 0.75, 0.382], [0.65, 0.25, 0.465], [0.35, 0.75, 0.535], [0.0174, 0.25, 0.618], [0.44, 0.25, 0.635], [0.894, 0.75, 0.673], [0.25, 0.75, 0.829], [0.664, 0.75, 0.839], [0.865, 0.25, 0.891], [0.302, 0.25, 0.928]]","[94, 94, 94, 94, 94, 94, 94, 94, 94, 94, 94, 94, 94, 94, 94, 94]",6089.0,1299782.0,0.0,0.0,16.0,Pm
